,ID,Age,Gender,Sentence_Number,Shown_Word,Reading_time,Condition,Count,Trigger
0,Participant1,23,Female,1,He,0.8373843003064394,logical,13,201
1,Participant1,23,Female,1,wanted,0.4846046008169651,logical,14,202
2,Participant1,23,Female,1,to,0.495371799916029,logical,15,203
3,Participant1,23,Female,1,hear,0.49358479864895344,logical,16,204
4,Participant1,23,Female,1,the,0.4072842989116907,logical,17,205
5,Participant1,23,Female,1,"news,",0.4382612984627485,logical,18,206
6,Participant1,23,Female,1,so,0.445890000090003,logical,19,207
7,Participant1,23,Female,1,he,0.4955439008772373,logical,20,208
8,Participant1,23,Female,1,turned,0.487075699493289,logical,21,209
9,Participant1,23,Female,1,the,0.4393048007041216,logical,22,210
10,Participant1,23,Female,1,radio,0.44659730046987534,logical,23,211
11,Participant1,23,Female,1,off,0.4795746002346277,logical,24,2
12,Participant1,23,Female,2,She,0.5423412993550301,semantic,25,301
13,Participant1,23,Female,2,read,0.46331140026450157,semantic,26,302
14,Participant1,23,Female,2,a,0.4872054997831583,semantic,27,303
15,Participant1,23,Female,2,"book,",0.49355180002748966,semantic,28,304
16,Participant1,23,Female,2,so,0.4233346004039049,semantic,29,305
17,Participant1,23,Female,2,she,0.5351133998483419,semantic,30,306
18,Participant1,23,Female,2,could,0.5027456991374493,semantic,31,307
19,Participant1,23,Female,2,discuss,0.4854482002556324,semantic,32,308
20,Participant1,23,Female,2,it,0.5113602001219988,semantic,33,309
21,Participant1,23,Female,2,with,0.40691239945590496,semantic,34,310
22,Participant1,23,Female,2,her,0.4392848014831543,semantic,35,311
23,Participant1,23,Female,2,income,0.446883300319314,semantic,36,3
24,Participant1,23,Female,3,She,0.46755759976804256,logical,37,201
25,Participant1,23,Female,3,had,0.40394589863717556,logical,38,202
26,Participant1,23,Female,3,been,0.4394269995391369,logical,39,203
27,Participant1,23,Female,3,working,0.4057760015130043,logical,40,204
28,Participant1,23,Female,3,out,0.40750810131430626,logical,41,205
29,Participant1,23,Female,3,for,0.4074597992002964,logical,42,206
30,Participant1,23,Female,3,"months,",0.41524190083146095,logical,43,207
31,Participant1,23,Female,3,so,0.38983429968357086,logical,44,208
32,Participant1,23,Female,3,she,0.4379360005259514,logical,45,209
33,Participant1,23,Female,3,felt,0.41510980017483234,logical,46,210
34,Participant1,23,Female,3,weak,0.47070160135626793,logical,47,2
35,Participant1,23,Female,4,She,0.5355072002857924,logical,48,201
36,Participant1,23,Female,4,closed,0.47883900068700314,logical,49,202
37,Participant1,23,Female,4,her,0.42305189929902554,logical,50,203
38,Participant1,23,Female,4,book,0.4537470992654562,logical,51,204
39,Participant1,23,Female,4,so,0.4634867012500763,logical,52,205
40,Participant1,23,Female,4,that,0.4232379999011755,logical,53,206
41,Participant1,23,Female,4,she,0.44693109951913357,logical,54,207
42,Participant1,23,Female,4,could,0.4392240010201931,logical,55,208
43,Participant1,23,Female,4,read,0.45545849949121475,logical,56,2
44,Participant1,23,Female,5,She,0.4377538990229368,logical,57,201
45,Participant1,23,Female,5,caught,0.4462879002094269,logical,58,202
46,Participant1,23,Female,5,a,0.47960139997303486,logical,59,203
47,Participant1,23,Female,5,"cold,",0.47084639966487885,logical,60,204
48,Participant1,23,Female,5,so,0.4537096992135048,logical,61,205
49,Participant1,23,Female,5,she,0.46358889900147915,logical,62,206
50,Participant1,23,Female,5,had,0.49472719989717007,logical,63,207
51,Participant1,23,Female,5,to,0.42344200052320957,logical,64,208
52,Participant1,23,Female,5,stay,0.45542570017278194,logical,65,209
53,Participant1,23,Female,5,at,0.4627481997013092,logical,66,210
54,Participant1,23,Female,5,school,0.511115899309516,logical,67,2
55,Participant1,23,Female,6,It,0.43292769975960255,semantic,68,301
56,Participant1,23,Female,6,was,0.5109042003750801,semantic,69,302
57,Participant1,23,Female,6,very,0.4289419986307621,semantic,70,303
58,Participant1,23,Female,6,hot,0.5030634999275208,semantic,71,304
59,Participant1,23,Female,6,"outside,",0.5333686005324125,semantic,72,305
60,Participant1,23,Female,6,so,0.47136370092630386,semantic,73,306
61,Participant1,23,Female,6,he,0.47131679952144623,semantic,74,307
62,Participant1,23,Female,6,wore,0.4390555005520582,semantic,75,308
63,Participant1,23,Female,6,a,0.48695689998567104,semantic,76,309
64,Participant1,23,Female,6,seat,0.4555145986378193,semantic,77,3
65,Participant1,23,Female,7,She,0.4741333983838558,semantic,78,301
66,Participant1,23,Female,7,watered,0.5352382995188236,semantic,79,302
67,Participant1,23,Female,7,the,0.4792350996285677,semantic,80,303
68,Participant1,23,Female,7,"plants,",0.5188405010849237,semantic,81,304
69,Participant1,23,Female,7,so,0.5192479006946087,semantic,82,305
70,Participant1,23,Female,7,they,0.47129059955477715,semantic,83,306
71,Participant1,23,Female,7,started,0.5109662991017103,semantic,84,307
72,Participant1,23,Female,7,to,0.47936039976775646,semantic,85,308
73,Participant1,23,Female,7,score,0.47102800011634827,semantic,86,3
74,Participant1,23,Female,8,She,0.5415873005986214,congruent,87,101
75,Participant1,23,Female,8,washed,0.5109234992414713,congruent,88,102
76,Participant1,23,Female,8,her,0.5273113008588552,congruent,89,103
77,Participant1,23,Female,8,face,0.4555373005568981,congruent,90,104
78,Participant1,23,Female,8,every,0.5108390990644693,congruent,91,105
79,Participant1,23,Female,8,"day,",0.5034381002187729,congruent,92,106
80,Participant1,23,Female,8,so,0.48741839826107025,congruent,93,107
81,Participant1,23,Female,8,her,0.5257655009627342,congruent,94,108
82,Participant1,23,Female,8,face,0.5275793001055717,congruent,95,109
83,Participant1,23,Female,8,looked,0.48673349991440773,congruent,96,110
84,Participant1,23,Female,8,clear,0.4786692000925541,congruent,97,1
85,Participant1,23,Female,9,She,0.43038169853389263,congruent,98,101
86,Participant1,23,Female,9,wears,0.5011954009532928,congruent,99,102
87,Participant1,23,Female,9,"glasses,",0.4624244999140501,congruent,100,103
88,Participant1,23,Female,9,so,0.46990450099110603,congruent,101,104
89,Participant1,23,Female,9,that,0.5195601992309093,congruent,102,105
90,Participant1,23,Female,9,she,0.4792624991387129,congruent,103,106
91,Participant1,23,Female,9,can,0.42299799993634224,congruent,104,107
92,Participant1,23,Female,9,see,0.5437524002045393,congruent,105,108
93,Participant1,23,Female,9,better,0.48693070001900196,congruent,106,1
94,Participant1,23,Female,10,His,0.39774239994585514,semantic,107,301
95,Participant1,23,Female,10,favourite,0.4783263988792896,semantic,108,302
96,Participant1,23,Female,10,color,0.4853697996586561,semantic,109,303
97,Participant1,23,Female,10,was,0.5114591009914875,semantic,110,304
98,Participant1,23,Female,10,"green,",0.5005124993622303,semantic,111,305
99,Participant1,23,Female,10,so,0.4795099999755621,semantic,112,306
100,Participant1,23,Female,10,they,0.47923019900918007,semantic,113,307
101,Participant1,23,Female,10,painted,0.4471021983772516,semantic,114,308
102,Participant1,23,Female,10,his,0.4713562000542879,semantic,115,309
103,Participant1,23,Female,10,room,0.47126870043575764,semantic,116,310
104,Participant1,23,Female,10,spiritual,0.4784660004079342,semantic,117,3
105,Participant1,23,Female,11,She,0.48870729841291904,congruent,118,101
106,Participant1,23,Female,11,wore,0.4873095005750656,congruent,119,102
107,Participant1,23,Female,11,a,0.47168879956007004,congruent,120,103
108,Participant1,23,Female,11,red,0.4630878996104002,congruent,121,104
109,Participant1,23,Female,11,dress,0.4869176000356674,congruent,122,105
110,Participant1,23,Female,11,to,0.5115287005901337,congruent,123,106
111,Participant1,23,Female,11,the,0.5029613990336657,congruent,124,107
112,Participant1,23,Female,11,"party,",0.4628925006836653,congruent,125,108
113,Participant1,23,Female,11,so,0.4555690009146929,congruent,126,109
114,Participant1,23,Female,11,she,0.43915240094065666,congruent,127,110
115,Participant1,23,Female,11,felt,0.46331760101020336,congruent,128,111
116,Participant1,23,Female,11,beautiful,0.47864729911088943,congruent,129,1
117,Participant1,23,Female,12,He,0.545304398983717,congruent,130,101
118,Participant1,23,Female,12,arrived,0.5244459006935358,congruent,131,102
119,Participant1,23,Female,12,late,0.5500121992081404,congruent,132,103
120,Participant1,23,Female,12,to,0.49542160145938396,congruent,133,104
121,Participant1,23,Female,12,the,0.519632900133729,congruent,134,105
122,Participant1,23,Female,12,meeting,0.5189501009881496,congruent,135,106
123,Participant1,23,Female,12,"today,",0.5268054995685816,congruent,136,107
124,Participant1,23,Female,12,so,0.5036203004419804,congruent,137,108
125,Participant1,23,Female,12,his,0.4868436995893717,congruent,138,109
126,Participant1,23,Female,12,boss,0.485783901065588,congruent,139,110
127,Participant1,23,Female,12,was,0.4794635996222496,congruent,140,111
128,Participant1,23,Female,12,angry,0.49261150136590004,congruent,141,1
129,Participant1,23,Female,13,The,0.5808607004582882,congruent,142,101
130,Participant1,23,Female,13,test,0.5273928008973598,congruent,143,102
131,Participant1,23,Female,13,was,0.46327670104801655,congruent,144,103
132,Participant1,23,Female,13,easier,0.4696634002029896,congruent,145,104
133,Participant1,23,Female,13,than,0.5740342997014523,congruent,146,105
134,Participant1,23,Female,13,"expected,",0.48513050004839897,congruent,147,106
135,Participant1,23,Female,13,so,0.503498699516058,congruent,148,107
136,Participant1,23,Female,13,it,0.4471013993024826,congruent,149,108
137,Participant1,23,Female,13,felt,0.45531849935650826,congruent,150,109
138,Participant1,23,Female,13,simple,0.4706215001642704,congruent,151,1
139,Participant1,23,Female,14,She,0.44762060046195984,congruent,152,101
140,Participant1,23,Female,14,drank,0.4866867996752262,congruent,153,102
141,Participant1,23,Female,14,water,0.4791055005043745,congruent,154,103
142,Participant1,23,Female,14,after,0.4467047993093729,congruent,155,104
143,Participant1,23,Female,14,"running,",0.4785201009362936,congruent,156,105
144,Participant1,23,Female,14,so,0.4876001998782158,congruent,157,106
145,Participant1,23,Female,14,she,0.4714692998677492,congruent,158,107
146,Participant1,23,Female,14,felt,0.5019300989806652,congruent,159,108
147,Participant1,23,Female,14,fresh,0.46320359967648983,congruent,160,1
148,Participant1,23,Female,15,He,0.5039707999676466,semantic,161,301
149,Participant1,23,Female,15,put,0.4474410992115736,semantic,162,302
150,Participant1,23,Female,15,on,0.47938479855656624,semantic,163,303
151,Participant1,23,Female,15,hand,0.4544859994202852,semantic,164,304
152,Participant1,23,Female,15,cream,0.5174821000546217,semantic,165,305
153,Participant1,23,Female,15,in,0.47098639979958534,semantic,166,306
154,Participant1,23,Female,15,the,0.47158590145409107,semantic,167,307
155,Participant1,23,Female,15,"winter,",0.49484650045633316,semantic,168,308
156,Participant1,23,Female,15,so,0.4875621013343334,semantic,169,309
157,Participant1,23,Female,15,his,0.5035378988832235,semantic,170,310
158,Participant1,23,Female,15,hands,0.461405698210001,semantic,171,311
159,Participant1,23,Female,15,did,0.47156340070068836,semantic,172,312
160,Participant1,23,Female,15,not,0.4460313003510237,semantic,173,313
161,Participant1,23,Female,15,feel,0.5113370008766651,semantic,174,314
162,Participant1,23,Female,15,cheap,0.503302900120616,semantic,175,3
163,Participant1,23,Female,16,He,0.3429618999361992,logical,176,201
164,Participant1,23,Female,16,wore,0.5029191002249718,logical,177,202
165,Participant1,23,Female,16,boots,0.4613572992384434,logical,178,203
166,Participant1,23,Female,16,in,0.4713138993829489,logical,179,204
167,Participant1,23,Female,16,the,0.470118198543787,logical,180,205
168,Participant1,23,Female,16,"puddle,",0.47881839983165264,logical,181,206
169,Participant1,23,Female,16,so,0.5033142995089293,logical,182,207
170,Participant1,23,Female,16,they,0.4951923005282879,logical,183,208
171,Participant1,23,Female,16,became,0.49473920091986656,logical,184,209
172,Participant1,23,Female,16,clean,0.5027874000370502,logical,185,2
173,Participant1,23,Female,17,I,0.49050959944725037,congruent,186,101
174,Participant1,23,Female,17,had,0.5106389988213778,congruent,187,102
175,Participant1,23,Female,17,to,0.5032492000609636,congruent,188,103
176,Participant1,23,Female,17,speak,0.46931339986622334,congruent,189,104
177,Participant1,23,Female,17,with,0.45532709918916225,congruent,190,105
178,Participant1,23,Female,17,my,0.4795900993049145,congruent,191,106
179,Participant1,23,Female,17,"boss,",0.47767320089042187,congruent,192,107
180,Participant1,23,Female,17,so,0.4793836008757353,congruent,193,108
181,Participant1,23,Female,17,I,0.4553241990506649,congruent,194,109
182,Participant1,23,Female,17,scheduled,0.4709892999380827,congruent,195,110
183,Participant1,23,Female,17,a,0.45555320009589195,congruent,196,111
184,Participant1,23,Female,17,meeting,0.47647969983518124,congruent,197,1
185,Participant1,23,Female,18,She,0.45060550048947334,semantic,198,301
186,Participant1,23,Female,18,put,0.4549310002475977,semantic,199,302
187,Participant1,23,Female,18,the,0.4778758008033037,semantic,200,303
188,Participant1,23,Female,18,milk,0.4468635004013777,semantic,201,304
189,Participant1,23,Female,18,in,0.47945379838347435,semantic,202,305
190,Participant1,23,Female,18,the,0.4875329006463289,semantic,203,306
191,Participant1,23,Female,18,"fridge,",0.5023696012794971,semantic,204,307
192,Participant1,23,Female,18,so,0.4793851003050804,semantic,205,308
193,Participant1,23,Female,18,the,0.5033500995486975,semantic,206,309
194,Participant1,23,Female,18,next,0.4875038992613554,semantic,207,310
195,Participant1,23,Female,18,day,0.48683689907193184,semantic,208,311
196,Participant1,23,Female,18,it,0.4956038985401392,semantic,209,312
197,Participant1,23,Female,18,was,0.5027649998664856,semantic,210,313
198,Participant1,23,Female,18,equal,0.4538249000906944,semantic,211,3
199,Participant1,23,Female,19,The,0.44266880117356777,congruent,212,101
200,Participant1,23,Female,19,red,0.49522649869322777,congruent,213,102
201,Participant1,23,Female,19,car,0.5115651004016399,congruent,214,103
202,Participant1,23,Female,19,is,0.47159500047564507,congruent,215,104
203,Participant1,23,Female,19,parked,0.4945011995732784,congruent,216,105
204,Participant1,23,Female,19,in,0.49561670050024986,congruent,217,106
205,Participant1,23,Female,19,the,0.47925890050828457,congruent,218,107
206,Participant1,23,Female,19,"garage,",0.46240320056676865,congruent,219,108
207,Participant1,23,Female,19,so,0.47153970040380955,congruent,220,109
208,Participant1,23,Female,19,we,0.49547459930181503,congruent,221,110
209,Participant1,23,Female,19,can,0.4787994008511305,congruent,222,111
210,Participant1,23,Female,19,go,0.4698750004172325,congruent,223,1
211,Participant1,23,Female,20,She,0.44007600098848343,logical,224,201
212,Participant1,23,Female,20,hung,0.43912249989807606,logical,225,202
213,Participant1,23,Female,20,the,0.5112904999405146,logical,226,203
214,Participant1,23,Female,20,clothes,0.48665579967200756,logical,227,204
215,Participant1,23,Female,20,"outside,",0.4871559012681246,logical,228,205
216,Participant1,23,Female,20,so,0.5116891004145145,logical,229,206
217,Participant1,23,Female,20,in,0.5032971985638142,logical,230,207
218,Participant1,23,Female,20,the,0.5263629984110594,logical,231,208
219,Participant1,23,Female,20,rain,0.4793047998100519,logical,232,209
220,Participant1,23,Female,20,they,0.5113814994692802,logical,233,210
221,Participant1,23,Female,20,got,0.5108991004526615,logical,234,211
222,Participant1,23,Female,20,dry,0.5030685011297464,logical,235,2
223,Participant1,23,Female,21,The,0.47881099954247475,logical,236,201
224,Participant1,23,Female,21,room,0.49392350018024445,logical,237,202
225,Participant1,23,Female,21,was,0.5026140008121729,logical,238,203
226,Participant1,23,Female,21,feeling,0.5010509993880987,logical,239,204
227,Participant1,23,Female,21,"cold,",0.4627053998410702,logical,240,205
228,Participant1,23,Female,21,so,0.493902700021863,logical,241,206
229,Participant1,23,Female,21,he,0.49520500004291534,logical,242,207
230,Participant1,23,Female,21,turned,0.5105792004615068,logical,243,208
231,Participant1,23,Female,21,on,0.5033674016594887,logical,244,209
232,Participant1,23,Female,21,the,0.4552886988967657,logical,245,210
233,Participant1,23,Female,21,fan,0.5032625999301672,logical,246,2
234,Participant1,23,Female,22,She,0.49305279925465584,logical,247,201
235,Participant1,23,Female,22,turned,0.5510665010660887,logical,248,202
236,Participant1,23,Female,22,on,0.5034627001732588,logical,249,203
237,Participant1,23,Female,22,the,0.4455939996987581,logical,250,204
238,Participant1,23,Female,22,air,0.47932090051472187,logical,251,205
239,Participant1,23,Female,22,"conditioner,",0.5190337002277374,logical,252,206
240,Participant1,23,Female,22,so,0.50316740013659,logical,253,207
241,Participant1,23,Female,22,the,0.4938776008784771,logical,254,208
242,Participant1,23,Female,22,room,0.4950639009475708,logical,255,209
243,Participant1,23,Female,22,became,0.4716348983347416,logical,256,210
244,Participant1,23,Female,22,hot,0.4868653006851673,logical,257,2
245,Participant1,23,Female,23,He,0.43921099975705147,congruent,258,101
246,Participant1,23,Female,23,tied,0.47118449956178665,congruent,259,102
247,Participant1,23,Female,23,his,0.4703254997730255,congruent,260,103
248,Participant1,23,Female,23,shoelaces,0.4773997999727726,congruent,261,104
249,Participant1,23,Female,23,"tightly,",0.4624298997223377,congruent,262,105
250,Participant1,23,Female,23,so,0.4793921001255512,congruent,263,106
251,Participant1,23,Female,23,he,0.4395055007189512,congruent,264,107
252,Participant1,23,Female,23,did,0.48748539946973324,congruent,265,108
253,Participant1,23,Female,23,not,0.4791791997849941,congruent,266,109
254,Participant1,23,Female,23,fall,0.47931850142776966,congruent,267,1
255,Participant1,23,Female,24,He,0.47479480132460594,semantic,268,301
256,Participant1,23,Female,24,did,0.47120040096342564,semantic,269,302
257,Participant1,23,Female,24,not,0.4392893984913826,semantic,270,303
258,Participant1,23,Female,24,want,0.48747650161385536,semantic,271,304
259,Participant1,23,Female,24,to,0.501945098862052,semantic,272,305
260,Participant1,23,Female,24,trip,0.503260200843215,semantic,273,306
261,Participant1,23,Female,24,and,0.4795591998845339,semantic,274,307
262,Participant1,23,Female,24,"fall,",0.4554060995578766,semantic,275,308
263,Participant1,23,Female,24,so,0.479372501373291,semantic,276,309
264,Participant1,23,Female,24,he,0.44749890081584454,semantic,277,310
265,Participant1,23,Female,24,tied,0.47131939977407455,semantic,278,311
266,Participant1,23,Female,24,his,0.48564920015633106,semantic,279,312
267,Participant1,23,Female,24,automatic,0.4948967006057501,semantic,280,3
268,Participant1,23,Female,25,The,0.47061580047011375,semantic,281,301
269,Participant1,23,Female,25,weather,0.48540009930729866,semantic,282,302
270,Participant1,23,Female,25,was,0.4794092997908592,semantic,283,303
271,Participant1,23,Female,25,sunny,0.4774262011051178,semantic,284,304
272,Participant1,23,Female,25,"outside,",0.47888780012726784,semantic,285,305
273,Participant1,23,Female,25,so,0.4716387987136841,semantic,286,306
274,Participant1,23,Female,25,she,0.47918299958109856,semantic,287,307
275,Participant1,23,Female,25,put,0.4867714997380972,semantic,288,308
276,Participant1,23,Female,25,on,0.45546630024909973,semantic,289,309
277,Participant1,23,Female,25,her,0.4553944990038872,semantic,290,310
278,Participant1,23,Female,25,suffer,0.485360199585557,semantic,291,3
279,Participant1,23,Female,26,He,0.5345612000674009,congruent,292,101
280,Participant1,23,Female,26,locked,0.502233199775219,congruent,293,102
281,Participant1,23,Female,26,the,0.48707370087504387,congruent,294,103
282,Participant1,23,Female,26,door,0.4874355010688305,congruent,295,104
283,Participant1,23,Female,26,before,0.48701429925858974,congruent,296,105
284,Participant1,23,Female,26,"leaving,",0.5020495001226664,congruent,297,106
285,Participant1,23,Female,26,so,0.4956237990409136,congruent,298,107
286,Participant1,23,Female,26,the,0.49375260062515736,congruent,299,108
287,Participant1,23,Female,26,house,0.4629555996507406,congruent,300,109
288,Participant1,23,Female,26,was,0.45515380054712296,congruent,301,110
289,Participant1,23,Female,26,safe,0.4793446995317936,congruent,302,1
290,Participant1,23,Female,27,She,0.5104520004242659,logical,303,201
291,Participant1,23,Female,27,stole,0.4710810985416174,logical,304,202
292,Participant1,23,Female,27,his,0.48735690116882324,logical,305,203
293,Participant1,23,Female,27,toy,0.4473751001060009,logical,306,204
294,Participant1,23,Female,27,on,0.46308149956166744,logical,307,205
295,Participant1,23,Female,27,the,0.4793726000934839,logical,308,206
296,Participant1,23,Female,27,"playground,",0.4773167986422777,logical,309,207
297,Participant1,23,Female,27,so,0.4793341998010874,logical,310,208
298,Participant1,23,Female,27,they,0.4635768011212349,logical,311,209
299,Participant1,23,Female,27,became,0.47890410013496876,logical,312,210
300,Participant1,23,Female,27,friends,0.46130700036883354,logical,313,2
301,Participant1,23,Female,28,She,0.4705825001001358,congruent,314,101
302,Participant1,23,Female,28,smiled,0.4607167989015579,congruent,315,102
303,Participant1,23,Female,28,at,0.5033663008362055,congruent,316,103
304,Participant1,23,Female,28,me,0.44778390042483807,congruent,317,104
305,Participant1,23,Female,28,"yesterday,",0.5346179008483887,congruent,318,105
306,Participant1,23,Female,28,so,0.48568420112133026,congruent,319,106
307,Participant1,23,Female,28,I,0.47960410080850124,congruent,320,107
308,Participant1,23,Female,28,decided,0.46133659966289997,congruent,321,108
309,Participant1,23,Female,28,to,0.47918489947915077,congruent,322,109
310,Participant1,23,Female,28,invite,0.5025624986737967,congruent,323,110
311,Participant1,23,Female,28,her,0.46302369982004166,congruent,324,111
312,Participant1,23,Female,28,on,0.4394170995801687,congruent,325,112
313,Participant1,23,Female,28,a,0.4633133001625538,congruent,326,113
314,Participant1,23,Female,28,date,0.5036635994911194,congruent,327,1
315,Participant1,23,Female,29,She,0.4009703006595373,logical,328,201
316,Participant1,23,Female,29,smiled,0.48685400001704693,logical,329,202
317,Participant1,23,Female,29,at,0.4782951008528471,logical,330,203
318,Participant1,23,Female,29,her,0.4549800995737314,logical,331,204
319,Participant1,23,Female,29,"coworker,",0.5022570006549358,logical,332,205
320,Participant1,23,Female,29,to,0.4857624005526304,logical,333,206
321,Participant1,23,Female,29,show,0.4875356014817953,logical,334,207
322,Participant1,23,Female,29,off,0.463315999135375,logical,335,208
323,Participant1,23,Female,29,her,0.44736010022461414,logical,336,209
324,Participant1,23,Female,29,anger,0.48662810027599335,logical,337,2
325,Participant1,23,Female,30,He,0.36690189875662327,congruent,338,101
326,Participant1,23,Female,30,drank,0.49493930116295815,congruent,339,102
327,Participant1,23,Female,30,an,0.4793800003826618,congruent,340,103
328,Participant1,23,Female,30,energy,0.4702855013310909,congruent,341,104
329,Participant1,23,Female,30,drink,0.4867171999067068,congruent,342,105
330,Participant1,23,Female,30,in,0.47929459996521473,congruent,343,106
331,Participant1,23,Female,30,the,0.4796842001378536,congruent,344,107
332,Participant1,23,Female,30,"morning,",0.5183621998876333,congruent,345,108
333,Participant1,23,Female,30,so,0.471721401438117,congruent,346,109
334,Participant1,23,Female,30,he,0.4714123010635376,congruent,347,110
335,Participant1,23,Female,30,felt,0.47050479985773563,congruent,348,111
336,Participant1,23,Female,30,ready,0.46253099851310253,congruent,349,112
337,Participant1,23,Female,30,for,0.4790759012103081,congruent,350,113
338,Participant1,23,Female,30,the,0.4872686006128788,congruent,351,114
339,Participant1,23,Female,30,day,0.48748120106756687,congruent,352,1
340,Participant1,23,Female,31,He,0.3844371009618044,logical,353,201
341,Participant1,23,Female,31,forgot,0.48648399859666824,logical,354,202
342,Participant1,23,Female,31,to,0.47954799979925156,logical,355,203
343,Participant1,23,Female,31,brush,0.5031363982707262,logical,356,204
344,Participant1,23,Female,31,his,0.4872495997697115,logical,357,205
345,Participant1,23,Female,31,"teeth,",0.47925479896366596,logical,358,206
346,Participant1,23,Female,31,so,0.4710387010127306,logical,359,207
347,Participant1,23,Female,31,his,0.44731760025024414,logical,360,208
348,Participant1,23,Female,31,breath,0.5111955013126135,logical,361,209
349,Participant1,23,Female,31,smelled,0.4613601993769407,logical,362,210
350,Participant1,23,Female,31,good,0.47093679942190647,logical,363,2
351,Participant1,23,Female,32,He,0.3921460993587971,logical,364,201
352,Participant1,23,Female,32,spoke,0.5424970984458923,logical,365,202
353,Participant1,23,Female,32,into,0.4953202996402979,logical,366,203
354,Participant1,23,Female,32,the,0.495151799172163,logical,367,204
355,Participant1,23,Female,32,"microphone,",0.4629383999854326,logical,368,205
356,Participant1,23,Female,32,so,0.47018239833414555,logical,369,206
357,Participant1,23,Female,32,that,0.46197279915213585,logical,370,207
358,Participant1,23,Female,32,he,0.4698315002024174,logical,371,208
359,Participant1,23,Female,32,would,0.46999810077250004,logical,372,209
360,Participant1,23,Female,32,be,0.487067099660635,logical,373,210
361,Participant1,23,Female,32,quieter,0.4866715017706156,logical,374,2
362,Participant1,23,Female,33,He,0.29527730122208595,logical,375,201
363,Participant1,23,Female,33,wanted,0.4771469999104738,logical,376,202
364,Participant1,23,Female,33,to,0.46305730007588863,logical,377,203
365,Participant1,23,Female,33,hear,0.46335870027542114,logical,378,204
366,Participant1,23,Female,33,the,0.5275193993002176,logical,379,205
367,Participant1,23,Female,33,phone,0.47781340032815933,logical,380,206
368,Participant1,23,Female,33,"call,",0.4872491005808115,logical,381,207
369,Participant1,23,Female,33,so,0.44651460088789463,logical,382,208
370,Participant1,23,Female,33,he,0.5033844988793135,logical,383,209
371,Participant1,23,Female,33,turned,0.4632446989417076,logical,384,210
372,Participant1,23,Female,33,the,0.47914169915020466,logical,385,211
373,Participant1,23,Female,33,volume,0.47823309898376465,logical,386,212
374,Participant1,23,Female,33,down,0.4776716008782387,logical,387,2
375,Participant1,23,Female,34,I,0.4482876006513834,semantic,388,301
376,Participant1,23,Female,34,saw,0.469827501103282,semantic,389,302
377,Participant1,23,Female,34,a,0.4637168012559414,semantic,390,303
378,Participant1,23,Female,34,bird,0.46222379989922047,semantic,391,304
379,Participant1,23,Female,34,fly,0.45565440133213997,semantic,392,305
380,Participant1,23,Female,34,past,0.4795915000140667,semantic,393,306
381,Participant1,23,Female,34,the,0.4712352994829416,semantic,394,307
382,Participant1,23,Female,34,"window,",0.44697519950568676,semantic,395,308
383,Participant1,23,Female,34,so,0.4629332982003689,semantic,396,309
384,Participant1,23,Female,34,I,0.4539787005633116,semantic,397,310
385,Participant1,23,Female,34,opened,0.4629092011600733,semantic,398,311
386,Participant1,23,Female,34,the,0.4630495999008417,semantic,399,312
387,Participant1,23,Female,34,salad,0.4791328012943268,semantic,400,3
388,Participant1,23,Female,35,He,0.4775825999677181,semantic,401,301
389,Participant1,23,Female,35,carried,0.4469527993351221,semantic,402,302
390,Participant1,23,Female,35,his,0.5032574012875557,semantic,403,303
391,Participant1,23,Female,35,"bag,",0.4532204996794462,semantic,404,304
392,Participant1,23,Female,35,so,0.46316480077803135,semantic,405,305
393,Participant1,23,Female,35,his,0.4620346985757351,semantic,406,306
394,Participant1,23,Female,35,hands,0.45525999926030636,semantic,407,307
395,Participant1,23,Female,35,started,0.4710490982979536,semantic,408,308
396,Participant1,23,Female,35,to,0.42976709827780724,semantic,409,309
397,Participant1,23,Female,35,sing,0.4629044998437166,semantic,410,3
398,Participant1,23,Female,36,She,0.3833639994263649,semantic,411,301
399,Participant1,23,Female,36,heard,0.4629643987864256,semantic,412,302
400,Participant1,23,Female,36,a,0.44764949940145016,semantic,413,303
401,Participant1,23,Female,36,sound,0.45449489913880825,semantic,414,304
402,Participant1,23,Female,36,outside,0.4391114991158247,semantic,415,305
403,Participant1,23,Female,36,her,0.4632969982922077,semantic,416,306
404,Participant1,23,Female,36,"room,",0.4550737999379635,semantic,417,307
405,Participant1,23,Female,36,so,0.44704180024564266,semantic,418,308
406,Participant1,23,Female,36,she,0.4542950987815857,semantic,419,309
407,Participant1,23,Female,36,opened,0.4693806990981102,semantic,420,310
408,Participant1,23,Female,36,the,0.45555279962718487,semantic,421,311
409,Participant1,23,Female,36,chair,0.454959599301219,semantic,422,3
410,Participant1,23,Female,37,The,0.48469859920442104,semantic,423,301
411,Participant1,23,Female,37,stranger,0.4463331997394562,semantic,424,302
412,Participant1,23,Female,37,said,0.4633007012307644,semantic,425,303
413,Participant1,23,Female,37,hello,0.479219701141119,semantic,426,304
414,Participant1,23,Female,37,to,0.3989835996180773,semantic,427,305
415,Participant1,23,Female,37,"her,",0.46272830106317997,semantic,428,306
416,Participant1,23,Female,37,so,0.4236701987683773,semantic,429,307
417,Participant1,23,Female,37,she,0.4798009004443884,semantic,430,308
418,Participant1,23,Female,37,politely,0.4548073001205921,semantic,431,309
419,Participant1,23,Female,37,included,0.4536140002310276,semantic,432,3
420,Participant1,23,Female,38,She,0.3737953007221222,congruent,433,101
421,Participant1,23,Female,38,arrived,0.42066939920186996,congruent,434,102
422,Participant1,23,Female,38,before,0.46134679950773716,congruent,435,103
423,Participant1,23,Female,38,everyone,0.43875239975750446,congruent,436,104
424,Participant1,23,Female,38,"else,",0.46260310150682926,congruent,437,105
425,Participant1,23,Female,38,so,0.48758689872920513,congruent,438,106
426,Participant1,23,Female,38,she,0.4551411997526884,congruent,439,107
427,Participant1,23,Female,38,was,0.45374600030481815,congruent,440,108
428,Participant1,23,Female,38,the,0.45536510087549686,congruent,441,109
429,Participant1,23,Female,38,earliest,0.4710917007178068,congruent,442,1
430,Participant1,23,Female,39,He,0.4559828005731106,logical,443,201
431,Participant1,23,Female,39,added,0.4470915999263525,logical,444,202
432,Participant1,23,Female,39,sugar,0.4531883988529444,logical,445,203
433,Participant1,23,Female,39,to,0.44743579998612404,logical,446,204
434,Participant1,23,Female,39,the,0.46334110014140606,logical,447,205
435,Participant1,23,Female,39,"cookie,",0.446680398657918,logical,448,206
436,Participant1,23,Female,39,so,0.47038269974291325,logical,449,207
437,Participant1,23,Female,39,it,0.46374749951064587,logical,450,208
438,Participant1,23,Female,39,tasted,0.44511680118739605,logical,451,209
439,Participant1,23,Female,39,bitter,0.4870522990822792,logical,452,2
440,Participant1,23,Female,40,She,0.31180340051651,semantic,453,301
441,Participant1,23,Female,40,wanted,0.45339629985392094,semantic,454,302
442,Participant1,23,Female,40,to,0.463333198800683,semantic,455,303
443,Participant1,23,Female,40,get,0.4549778997898102,semantic,456,304
444,Participant1,23,Female,40,"dressed,",0.46295149996876717,semantic,457,305
445,Participant1,23,Female,40,so,0.45510620065033436,semantic,458,306
446,Participant1,23,Female,40,she,0.4396672993898392,semantic,459,307
447,Participant1,23,Female,40,opened,0.46288900077342987,semantic,460,308
448,Participant1,23,Female,40,her,0.44768459908664227,semantic,461,309
449,Participant1,23,Female,40,crash,0.4621200989931822,semantic,462,3
450,Participant1,23,Female,41,I,0.42292250134050846,congruent,463,101
451,Participant1,23,Female,41,was,0.437864700332284,congruent,464,102
452,Participant1,23,Female,41,going,0.42292009852826595,congruent,465,103
453,Participant1,23,Female,41,to,0.4312302991747856,congruent,466,104
454,Participant1,23,Female,41,a,0.43913610093295574,congruent,467,105
455,Participant1,23,Female,41,"funeral,",0.4614574983716011,congruent,468,106
456,Participant1,23,Female,41,so,0.4313636999577284,congruent,469,107
457,Participant1,23,Female,41,the,0.4634570013731718,congruent,470,108
458,Participant1,23,Female,41,dress,0.4218707010149956,congruent,471,109
459,Participant1,23,Female,41,I,0.45387350022792816,congruent,472,110
460,Participant1,23,Female,41,wore,0.40726119838654995,congruent,473,111
461,Participant1,23,Female,41,was,0.4321042988449335,congruent,474,112
462,Participant1,23,Female,41,black,0.43828140012919903,congruent,475,1
463,Participant1,23,Female,42,I,0.4042498990893364,logical,476,201
464,Participant1,23,Female,42,wanted,0.43088200129568577,logical,477,202
465,Participant1,23,Female,42,to,0.43942439928650856,logical,478,203
466,Participant1,23,Female,42,eat,0.4459345992654562,logical,479,204
467,Participant1,23,Female,42,"cereal,",0.4550487007945776,logical,480,205
468,Participant1,23,Female,42,so,0.4235932007431984,logical,481,206
469,Participant1,23,Female,42,I,0.4474773984402418,logical,482,207
470,Participant1,23,Female,42,went,0.4475307986140251,logical,483,208
471,Participant1,23,Female,42,to,0.41540180146694183,logical,484,209
472,Participant1,23,Female,42,the,0.4472422990947962,logical,485,210
473,Participant1,23,Female,42,shop,0.46336380019783974,logical,486,211
474,Participant1,23,Female,42,to,0.4378708992153406,logical,487,212
475,Participant1,23,Female,42,buy,0.47144060023128986,logical,488,213
476,Participant1,23,Female,42,some,0.45533289946615696,logical,489,214
477,Participant1,23,Female,42,chips,0.4391960985958576,logical,490,2
478,Participant1,23,Female,43,I,0.4028540998697281,semantic,491,301
479,Participant1,23,Female,43,was,0.4552768003195524,semantic,492,302
480,Participant1,23,Female,43,feeling,0.46112649887800217,semantic,493,303
481,Participant1,23,Female,43,"hungry,",0.47037640027701855,semantic,494,304
482,Participant1,23,Female,43,so,0.4627497997134924,semantic,495,305
483,Participant1,23,Female,43,I,0.40761289931833744,semantic,496,306
484,Participant1,23,Female,43,bought,0.4387081004679203,semantic,497,307
485,Participant1,23,Female,43,a,0.45516689866781235,semantic,498,308
486,Participant1,23,Female,43,cabinet,0.4627368003129959,semantic,499,3
487,Participant1,23,Female,44,He,0.2883905991911888,semantic,500,301
488,Participant1,23,Female,44,drank,0.5178750995546579,semantic,501,302
489,Participant1,23,Female,44,the,0.46396240033209324,semantic,502,303
490,Participant1,23,Female,44,"water,",0.4458971004933119,semantic,503,304
491,Participant1,23,Female,44,so,0.47909580171108246,semantic,504,305
492,Participant1,23,Female,44,the,0.43151360005140305,semantic,505,306
493,Participant1,23,Female,44,glass,0.4545063991099596,semantic,506,307
494,Participant1,23,Female,44,became,0.44544210098683834,semantic,507,308
495,Participant1,23,Female,44,visual,0.430613299831748,semantic,508,3
496,Participant1,23,Female,45,She,0.4276448003947735,congruent,509,101
497,Participant1,23,Female,45,liked,0.4543370995670557,congruent,510,102
498,Participant1,23,Female,45,her,0.44733620062470436,congruent,511,103
499,Participant1,23,Female,45,"classmate,",0.455214099958539,congruent,512,104
500,Participant1,23,Female,45,so,0.49532599933445454,congruent,513,105
501,Participant1,23,Female,45,she,0.44738849997520447,congruent,514,106
502,Participant1,23,Female,45,looked,0.4608395993709564,congruent,515,107
503,Participant1,23,Female,45,at,0.45546120032668114,congruent,516,108
504,Participant1,23,Female,45,him,0.4550132993608713,congruent,517,109
505,Participant1,23,Female,45,with,0.4297775998711586,congruent,518,110
506,Participant1,23,Female,45,a,0.4637043997645378,congruent,519,111
507,Participant1,23,Female,45,smile,0.4473852999508381,congruent,520,1
508,Participant1,23,Female,46,He,0.4399915002286434,semantic,521,301
509,Participant1,23,Female,46,ran,0.4313211999833584,semantic,522,302
510,Participant1,23,Female,46,quickly,0.45433720014989376,semantic,523,303
511,Participant1,23,Female,46,after,0.45480410009622574,semantic,524,304
512,Participant1,23,Female,46,the,0.4293459001928568,semantic,525,305
513,Participant1,23,Female,46,"bus,",0.455291198566556,semantic,526,306
514,Participant1,23,Female,46,so,0.43935189954936504,semantic,527,307
515,Participant1,23,Female,46,he,0.41398329846560955,semantic,528,308
516,Participant1,23,Female,46,made,0.471467699855566,semantic,529,309
517,Participant1,23,Female,46,it,0.4394167009741068,semantic,530,310
518,Participant1,23,Female,46,to,0.4551518000662327,semantic,531,311
519,Participant1,23,Female,46,the,0.4221585001796484,semantic,532,312
520,Participant1,23,Female,46,window,0.4694672003388405,semantic,533,3
521,Participant1,23,Female,47,I,0.45747420005500317,logical,534,201
522,Participant1,23,Female,47,was,0.4387187995016575,logical,535,202
523,Participant1,23,Female,47,watching,0.4227204993367195,logical,536,203
524,Participant1,23,Female,47,my,0.48744030110538006,logical,537,204
525,Participant1,23,Female,47,favourite,0.46118490025401115,logical,538,205
526,Participant1,23,Female,47,"series,",0.47078550048172474,logical,539,206
527,Participant1,23,Female,47,so,0.4391491003334522,logical,540,207
528,Participant1,23,Female,47,I,0.44599719904363155,logical,541,208
529,Participant1,23,Female,47,felt,0.4712542984634638,logical,542,209
530,Participant1,23,Female,47,bored,0.45497019961476326,logical,543,2
531,Participant1,23,Female,48,His,0.4316393006592989,semantic,544,301
532,Participant1,23,Female,48,dorm,0.4475708995014429,semantic,545,302
533,Participant1,23,Female,48,was,0.43003430031239986,semantic,546,303
534,Participant1,23,Female,48,far,0.4474705997854471,semantic,547,304
535,Participant1,23,Female,48,"away,",0.45504190027713776,semantic,548,305
536,Participant1,23,Female,48,so,0.4230714999139309,semantic,549,306
537,Participant1,23,Female,48,he,0.4633170999586582,semantic,550,307
538,Participant1,23,Female,48,slept,0.46317850053310394,semantic,551,308
539,Participant1,23,Female,48,at,0.47759779915213585,semantic,552,309
540,Participant1,23,Female,48,his,0.4393316004425287,semantic,553,310
541,Participant1,23,Female,48,friends,0.44715850055217743,semantic,554,311
542,Participant1,23,Female,48,disc,0.431284099817276,semantic,555,3
543,Participant1,23,Female,49,He,0.4134782999753952,congruent,556,101
544,Participant1,23,Female,49,missed,0.42925430089235306,congruent,557,102
545,Participant1,23,Female,49,the,0.43132520094513893,congruent,558,103
546,Participant1,23,Female,49,last,0.4631019998341799,congruent,559,104
547,Participant1,23,Female,49,"train,",0.45499799959361553,congruent,560,105
548,Participant1,23,Female,49,so,0.415302699431777,congruent,561,106
549,Participant1,23,Female,49,to,0.47156509943306446,congruent,562,107
550,Participant1,23,Female,49,walk,0.45514710061252117,congruent,563,108
551,Participant1,23,Female,49,home,0.43153359927237034,congruent,564,109
552,Participant1,23,Female,49,he,0.4154512993991375,congruent,565,110
553,Participant1,23,Female,49,had,0.47135140001773834,congruent,566,111
554,Participant1,23,Female,49,to,0.44599850103259087,congruent,567,112
555,Participant1,23,Female,49,walk,0.4308895990252495,congruent,568,1
556,Participant1,23,Female,50,She,0.39521849900484085,congruent,569,101
557,Participant1,23,Female,50,did,0.4069944992661476,congruent,570,102
558,Participant1,23,Female,50,not,0.4475833009928465,congruent,571,103
559,Participant1,23,Female,50,wear,0.45447849854826927,congruent,572,104
560,Participant1,23,Female,50,her,0.4621642008423805,congruent,573,105
561,Participant1,23,Female,50,coat,0.4313739985227585,congruent,574,106
562,Participant1,23,Female,50,in,0.47154500149190426,congruent,575,107
563,Participant1,23,Female,50,the,0.4392965994775295,congruent,576,108
564,Participant1,23,Female,50,"rain,",0.4227208998054266,congruent,577,109
565,Participant1,23,Female,50,so,0.4472659006714821,congruent,578,110
566,Participant1,23,Female,50,she,0.43133159913122654,congruent,579,111
567,Participant1,23,Female,50,caught,0.45314559899270535,congruent,580,112
568,Participant1,23,Female,50,a,0.4155889004468918,congruent,581,113
569,Participant1,23,Female,50,cold,0.4152364991605282,congruent,582,1
570,Participant1,23,Female,51,She,0.37366569973528385,congruent,583,101
571,Participant1,23,Female,51,studied,0.43027410097420216,congruent,584,102
572,Participant1,23,Female,51,all,0.4156036004424095,congruent,585,103
573,Participant1,23,Female,51,night,0.4370683990418911,congruent,586,104
574,Participant1,23,Female,51,for,0.47950129956007004,congruent,587,105
575,Participant1,23,Female,51,"test,",0.4625029992312193,congruent,588,106
576,Participant1,23,Female,51,so,0.4391364995390177,congruent,589,107
577,Participant1,23,Female,51,her,0.44775369949638844,congruent,590,108
578,Participant1,23,Female,51,answers,0.42303219996392727,congruent,591,109
579,Participant1,23,Female,51,were,0.4553860016167164,congruent,592,110
580,Participant1,23,Female,51,accurate,0.43113250099122524,congruent,593,1
581,Participant1,23,Female,52,The,0.4021036010235548,semantic,594,301
582,Participant1,23,Female,52,game,0.41473880037665367,semantic,595,302
583,Participant1,23,Female,52,was,0.4306594002991915,semantic,596,303
584,Participant1,23,Female,52,very,0.43103430047631264,semantic,597,304
585,Participant1,23,Female,52,"boring,",0.46905829943716526,semantic,598,305
586,Participant1,23,Female,52,so,0.40744960121810436,semantic,599,306
587,Participant1,23,Female,52,they,0.44747669994831085,semantic,600,307
588,Participant1,23,Female,52,went,0.4541733004152775,semantic,601,308
589,Participant1,23,Female,52,out,0.4315632004290819,semantic,602,309
590,Participant1,23,Female,52,to,0.42342890053987503,semantic,603,310
591,Participant1,23,Female,52,ignore,0.43824340030550957,semantic,604,3
592,Participant1,23,Female,53,She,0.4374851994216442,semantic,605,301
593,Participant1,23,Female,53,could,0.4310535993427038,semantic,606,302
594,Participant1,23,Female,53,not,0.4233464002609253,semantic,607,303
595,Participant1,23,Female,53,see,0.44748619943857193,semantic,608,304
596,Participant1,23,Female,53,her,0.45565429888665676,semantic,609,305
597,Participant1,23,Female,53,cat,0.46348540112376213,semantic,610,306
598,Participant1,23,Female,53,in,0.41569089889526367,semantic,611,307
599,Participant1,23,Female,53,the,0.4230645000934601,semantic,612,308
600,Participant1,23,Female,53,"dark,",0.42972930148243904,semantic,613,309
601,Participant1,23,Female,53,so,0.4395001996308565,semantic,614,310
602,Participant1,23,Female,53,she,0.43149130046367645,semantic,615,311
603,Participant1,23,Female,53,started,0.4552122000604868,semantic,616,312
604,Participant1,23,Female,53,to,0.42361919954419136,semantic,617,313
605,Participant1,23,Female,53,look,0.4310445003211498,semantic,618,314
606,Participant1,23,Female,53,for,0.40752889961004257,semantic,619,315
607,Participant1,23,Female,53,her,0.4234950989484787,semantic,620,316
608,Participant1,23,Female,53,festival,0.4465363994240761,semantic,621,3
609,Participant1,23,Female,54,They,0.41356470063328743,semantic,622,301
610,Participant1,23,Female,54,were,0.4711455013602972,semantic,623,302
611,Participant1,23,Female,54,feeling,0.4307711999863386,semantic,624,303
612,Participant1,23,Female,54,bored,0.4222244005650282,semantic,625,304
613,Participant1,23,Female,54,in,0.46203030087053776,semantic,626,305
614,Participant1,23,Female,54,"class,",0.4631487000733614,semantic,627,306
615,Participant1,23,Female,54,so,0.44680249877274036,semantic,628,307
616,Participant1,23,Female,54,they,0.4613285008817911,semantic,629,308
617,Participant1,23,Female,54,started,0.43105549924075603,semantic,630,309
618,Participant1,23,Female,54,to,0.46341009996831417,semantic,631,310
619,Participant1,23,Female,54,pull,0.4214491005986929,semantic,632,3
620,Participant1,23,Female,55,He,0.38798709958791733,congruent,633,101
621,Participant1,23,Female,55,failed,0.4389920998364687,congruent,634,102
622,Participant1,23,Female,55,the,0.4146716985851526,congruent,635,103
623,Participant1,23,Female,55,math,0.43933939933776855,congruent,636,104
624,Participant1,23,Female,55,test,0.44755429960787296,congruent,637,105
625,Participant1,23,Female,55,"yesterday,",0.42259059846401215,congruent,638,106
626,Participant1,23,Female,55,so,0.4556204993277788,congruent,639,107
627,Participant1,23,Female,55,he,0.4553709998726845,congruent,640,108
628,Participant1,23,Female,55,felt,0.4316849000751972,congruent,641,109
629,Participant1,23,Female,55,sad,0.4394397996366024,congruent,642,1
630,Participant1,23,Female,56,She,0.3931773994117975,logical,643,201
631,Participant1,23,Female,56,forgot,0.42174229957163334,logical,644,202
632,Participant1,23,Female,56,to,0.42963180132210255,logical,645,203
633,Participant1,23,Female,56,set,0.39145939983427525,logical,646,204
634,Participant1,23,Female,56,a,0.4474605992436409,logical,647,205
635,Participant1,23,Female,56,"timer,",0.4470041003078222,logical,648,206
636,Participant1,23,Female,56,so,0.4703960008919239,logical,649,207
637,Participant1,23,Female,56,her,0.40750559978187084,logical,650,208
638,Participant1,23,Female,56,cake,0.4148798007518053,logical,651,209
639,Participant1,23,Female,56,in,0.4155947994440794,logical,652,210
640,Participant1,23,Female,56,the,0.43911190144717693,logical,653,211
641,Participant1,23,Female,56,oven,0.4070522002875805,logical,654,212
642,Participant1,23,Female,56,got,0.39905450120568275,logical,655,213
643,Participant1,23,Female,56,raw,0.48580710031092167,logical,656,2
644,Participant1,23,Female,57,She,0.4111593011766672,semantic,657,301
645,Participant1,23,Female,57,received,0.40644009970128536,semantic,658,302
646,Participant1,23,Female,57,a,0.4235683009028435,semantic,659,303
647,Participant1,23,Female,57,very,0.42299680039286613,semantic,660,304
648,Participant1,23,Female,57,good,0.4070923998951912,semantic,661,305
649,Participant1,23,Female,57,"mark,",0.4229493997991085,semantic,662,306
650,Participant1,23,Female,57,so,0.40738070011138916,semantic,663,307
651,Participant1,23,Female,57,she,0.3909502010792494,semantic,664,308
652,Participant1,23,Female,57,felt,0.43129200115799904,semantic,665,309
653,Participant1,23,Female,57,like,0.4146097991615534,semantic,666,310
654,Participant1,23,Female,57,a,0.3901726007461548,semantic,667,311
655,Participant1,23,Female,57,poem,0.43802150152623653,semantic,668,3
656,Participant1,23,Female,58,She,0.4162149000912905,congruent,669,101
657,Participant1,23,Female,58,passed,0.3991800006479025,congruent,670,102
658,Participant1,23,Female,58,the,0.43921300023794174,congruent,671,103
659,Participant1,23,Female,58,test,0.3916900996118784,congruent,672,104
660,Participant1,23,Female,58,this,0.4232066012918949,congruent,673,105
661,Participant1,23,Female,58,"morning,",0.39829290099442005,congruent,674,106
662,Participant1,23,Female,58,so,0.3994354996830225,congruent,675,107
663,Participant1,23,Female,58,she,0.4139252994209528,congruent,676,108
664,Participant1,23,Female,58,decided,0.399159898981452,congruent,677,109
665,Participant1,23,Female,58,to,0.42982830107212067,congruent,678,110
666,Participant1,23,Female,58,have,0.40702009946107864,congruent,679,111
667,Participant1,23,Female,58,a,0.37548919953405857,congruent,680,112
668,Participant1,23,Female,58,party,0.44703919999301434,congruent,681,1
669,Participant1,23,Female,59,He,0.33389309979975224,congruent,682,101
670,Participant1,23,Female,59,polished,0.3988731000572443,congruent,683,102
671,Participant1,23,Female,59,his,0.47138099931180477,congruent,684,103
672,Participant1,23,Female,59,"shoes,",0.3992142993956804,congruent,685,104
673,Participant1,23,Female,59,so,0.43155959993600845,congruent,686,105
674,Participant1,23,Female,59,they,0.42349399998784065,congruent,687,106
675,Participant1,23,Female,59,looked,0.3986713010817766,congruent,688,107
676,Participant1,23,Female,59,shiny,0.39112319983541965,congruent,689,1
677,Participant1,23,Female,60,It,0.3833023998886347,semantic,690,301
678,Participant1,23,Female,60,was,0.40745210088789463,semantic,691,302
679,Participant1,23,Female,60,very,0.3827899992465973,semantic,692,303
680,Participant1,23,Female,60,hot,0.4317169990390539,semantic,693,304
681,Participant1,23,Female,60,in,0.42287260107696056,semantic,694,305
682,Participant1,23,Female,60,the,0.4057481996715069,semantic,695,306
683,Participant1,23,Female,60,"room,",0.42941570095717907,semantic,696,307
684,Participant1,23,Female,60,so,0.41534389927983284,semantic,697,308
685,Participant1,23,Female,60,she,0.3914300985634327,semantic,698,309
686,Participant1,23,Female,60,turned,0.4391335994005203,semantic,699,310
687,Participant1,23,Female,60,on,0.43126400001347065,semantic,700,311
688,Participant1,23,Female,60,the,0.41460669972002506,semantic,701,312
689,Participant1,23,Female,60,interview,0.4065752010792494,semantic,702,3
690,Participant1,23,Female,61,She,0.38213640078902245,semantic,703,301
691,Participant1,23,Female,61,wanted,0.40711949951946735,semantic,704,302
692,Participant1,23,Female,61,to,0.4149160999804735,semantic,705,303
693,Participant1,23,Female,61,stay,0.40745479986071587,semantic,706,304
694,Participant1,23,Female,61,awake,0.4309817999601364,semantic,707,305
695,Participant1,23,Female,61,to,0.43138759955763817,semantic,708,306
696,Participant1,23,Female,61,study,0.4375815000385046,semantic,709,307
697,Participant1,23,Female,61,for,0.43114699982106686,semantic,710,308
698,Participant1,23,Female,61,her,0.3993851989507675,semantic,711,309
699,Participant1,23,Female,61,"exam,",0.4232125002890825,semantic,712,310
700,Participant1,23,Female,61,so,0.42365799844264984,semantic,713,311
701,Participant1,23,Female,61,she,0.4315655007958412,semantic,714,312
702,Participant1,23,Female,61,drank,0.41324250027537346,semantic,715,313
703,Participant1,23,Female,61,land,0.43148049898445606,semantic,716,3
704,Participant1,23,Female,62,She,0.44791909866034985,semantic,717,301
705,Participant1,23,Female,62,brought,0.4066723994910717,semantic,718,302
706,Participant1,23,Female,62,her,0.43127029947936535,semantic,719,303
707,Participant1,23,Female,62,"umbrella,",0.4291676003485918,semantic,720,304
708,Participant1,23,Female,62,so,0.42355019971728325,semantic,721,305
709,Participant1,23,Female,62,that,0.41532810032367706,semantic,722,306
710,Participant1,23,Female,62,she,0.42338130064308643,semantic,723,307
711,Participant1,23,Female,62,would,0.42300840094685555,semantic,724,308
712,Participant1,23,Female,62,not,0.3999419994652271,semantic,725,309
713,Participant1,23,Female,62,get,0.41345679946243763,semantic,726,310
714,Participant1,23,Female,62,dramatic,0.4148814994841814,semantic,727,3
715,Participant1,23,Female,63,My,0.37206909991800785,congruent,728,101
716,Participant1,23,Female,63,grandfather,0.43060380034148693,congruent,729,102
717,Participant1,23,Female,63,did,0.4061743002384901,congruent,730,103
718,Participant1,23,Female,63,not,0.4140569996088743,congruent,731,104
719,Participant1,23,Female,63,"smoke,",0.40647020004689693,congruent,732,105
720,Participant1,23,Female,63,so,0.43119039945304394,congruent,733,106
721,Participant1,23,Female,63,he,0.37557229958474636,congruent,734,107
722,Participant1,23,Female,63,lived,0.4546716995537281,congruent,735,108
723,Participant1,23,Female,63,a,0.4311558995395899,congruent,736,109
724,Participant1,23,Female,63,healthy,0.4146408997476101,congruent,737,110
725,Participant1,23,Female,63,life,0.4234541989862919,congruent,738,1
726,Participant1,23,Female,64,She,0.41204920038580894,congruent,739,101
727,Participant1,23,Female,64,needed,0.38302870094776154,congruent,740,102
728,Participant1,23,Female,64,to,0.4394176993519068,congruent,741,103
729,Participant1,23,Female,64,get,0.43096569925546646,congruent,742,104
730,Participant1,23,Female,64,some,0.4073559995740652,congruent,743,105
731,Participant1,23,Female,64,"air,",0.4392817001789808,congruent,744,106
732,Participant1,23,Female,64,so,0.39931449852883816,congruent,745,107
733,Participant1,23,Female,64,she,0.4376883991062641,congruent,746,108
734,Participant1,23,Female,64,went,0.4075611997395754,congruent,747,109
735,Participant1,23,Female,64,outside,0.41486309841275215,congruent,748,1
736,Participant1,23,Female,65,I,0.37128129974007607,congruent,749,101
737,Participant1,23,Female,65,really,0.41515169851481915,congruent,750,102
738,Participant1,23,Female,65,liked,0.4216678012162447,congruent,751,103
739,Participant1,23,Female,65,the,0.42205929942429066,congruent,752,104
740,Participant1,23,Female,65,guy,0.42311579920351505,congruent,753,105
741,Participant1,23,Female,65,at,0.39912099950015545,congruent,754,106
742,Participant1,23,Female,65,the,0.4234149008989334,congruent,755,107
743,Participant1,23,Female,65,"supermarket,",0.4223986994475126,congruent,756,108
744,Participant1,23,Female,65,so,0.390931099653244,congruent,757,109
745,Participant1,23,Female,65,I,0.4308184012770653,congruent,758,110
746,Participant1,23,Female,65,asked,0.37473749928176403,congruent,759,111
747,Participant1,23,Female,65,for,0.4153604991734028,congruent,760,112
748,Participant1,23,Female,65,his,0.38192020170390606,congruent,761,113
749,Participant1,23,Female,65,number,0.44669099897146225,congruent,762,1
750,Participant1,23,Female,66,He,0.35132250003516674,logical,763,201
751,Participant1,23,Female,66,mowed,0.43913840129971504,logical,764,202
752,Participant1,23,Female,66,the,0.39911819994449615,logical,765,203
753,Participant1,23,Female,66,"lawn,",0.3992892000824213,logical,766,204
754,Participant1,23,Female,66,so,0.43171769939363003,logical,767,205
755,Participant1,23,Female,66,the,0.41477980092167854,logical,768,206
756,Participant1,23,Female,66,grass,0.4068288002163172,logical,769,207
757,Participant1,23,Female,66,became,0.4224721994251013,logical,770,208
758,Participant1,23,Female,66,very,0.3905337993055582,logical,771,209
759,Participant1,23,Female,66,long,0.4151559993624687,logical,772,2
760,Participant1,23,Female,67,I,0.4319509994238615,semantic,773,301
761,Participant1,23,Female,67,saw,0.4149753004312515,semantic,774,302
762,Participant1,23,Female,67,a,0.37534420005977154,semantic,775,303
763,Participant1,23,Female,67,person,0.4295741990208626,semantic,776,304
764,Participant1,23,Female,67,trip,0.42357299849390984,semantic,777,305
765,Participant1,23,Female,67,over,0.4309123996645212,semantic,778,306
766,Participant1,23,Female,67,a,0.38179000094532967,semantic,779,307
767,Participant1,23,Female,67,"stone,",0.4232208989560604,semantic,780,308
768,Participant1,23,Female,67,so,0.3994092997163534,semantic,781,309
769,Participant1,23,Female,67,I,0.4217357989400625,semantic,782,310
770,Participant1,23,Female,67,approached,0.3983552996069193,semantic,783,311
771,Participant1,23,Female,67,him,0.4154928997159004,semantic,784,312
772,Participant1,23,Female,67,to,0.38339330069720745,semantic,785,313
773,Participant1,23,Female,67,swim,0.4072814993560314,semantic,786,3
774,Participant1,23,Female,68,He,0.39718370139598846,logical,787,201
775,Participant1,23,Female,68,was,0.43109120056033134,logical,788,202
776,Participant1,23,Female,68,feeling,0.3823987990617752,logical,789,203
777,Participant1,23,Female,68,"thirsty,",0.44705739989876747,logical,790,204
778,Participant1,23,Female,68,so,0.4140140004456043,logical,791,205
779,Participant1,23,Female,68,he,0.3833667989820242,logical,792,206
780,Participant1,23,Female,68,asked,0.4370905999094248,logical,793,207
781,Participant1,23,Female,68,the,0.41506890021264553,logical,794,208
782,Participant1,23,Female,68,waiter,0.439215000718832,logical,795,209
783,Participant1,23,Female,68,for,0.41490620002150536,logical,796,210
784,Participant1,23,Female,68,some,0.4153165016323328,logical,797,211
785,Participant1,23,Female,68,bread,0.42985340021550655,logical,798,2
786,Participant1,23,Female,69,She,0.40463179908692837,semantic,799,301
787,Participant1,23,Female,69,baked,0.4468841999769211,semantic,800,302
788,Participant1,23,Female,69,a,0.431487999856472,semantic,801,303
789,Participant1,23,Female,69,cake,0.39085910096764565,semantic,802,304
790,Participant1,23,Female,69,for,0.40752819925546646,semantic,803,305
791,Participant1,23,Female,69,her,0.4154995996505022,semantic,804,306
792,Participant1,23,Female,69,friends,0.4294729996472597,semantic,805,307
793,Participant1,23,Female,69,"birthday,",0.406853299587965,semantic,806,308
794,Participant1,23,Female,69,so,0.4313391000032425,semantic,807,309
795,Participant1,23,Female,69,the,0.4154086001217365,semantic,808,310
796,Participant1,23,Female,69,oven,0.39879980124533176,semantic,809,311
797,Participant1,23,Female,69,smelled,0.4231595005840063,semantic,810,312
798,Participant1,23,Female,69,like,0.4149002991616726,semantic,811,313
799,Participant1,23,Female,69,wheel,0.44591860100626945,semantic,812,3
800,Participant1,23,Female,70,She,0.43613759987056255,logical,813,201
801,Participant1,23,Female,70,painted,0.3988630995154381,logical,814,202
802,Participant1,23,Female,70,her,0.43145000003278255,logical,815,203
803,Participant1,23,Female,70,nails,0.42187900096178055,logical,816,204
804,Participant1,23,Female,70,"pink,",0.40525029972195625,logical,817,205
805,Participant1,23,Female,70,so,0.39811230078339577,logical,818,206
806,Participant1,23,Female,70,it,0.4313834998756647,logical,819,207
807,Participant1,23,Female,70,matches,0.4151965994387865,logical,820,208
808,Participant1,23,Female,70,the,0.4313516989350319,logical,821,209
809,Participant1,23,Female,70,color,0.37491889856755733,logical,822,210
810,Participant1,23,Female,70,of,0.407379699870944,logical,823,211
811,Participant1,23,Female,70,a,0.42351889982819557,logical,824,212
812,Participant1,23,Female,70,leaf,0.4072514995932579,logical,825,2
813,Participant1,23,Female,71,She,0.36532079987227917,logical,826,201
814,Participant1,23,Female,71,charged,0.42236299999058247,logical,827,202
815,Participant1,23,Female,71,her,0.41537960059940815,logical,828,203
816,Participant1,23,Female,71,phone,0.3907661996781826,logical,829,204
817,Participant1,23,Female,71,"overnight,",0.45250479876995087,logical,830,205
818,Participant1,23,Female,71,so,0.4233740996569395,logical,831,206
819,Participant1,23,Female,71,the,0.4232774004340172,logical,832,207
820,Participant1,23,Female,71,battery,0.3989265002310276,logical,833,208
821,Participant1,23,Female,71,was,0.3977553993463516,logical,834,209
822,Participant1,23,Female,71,dead,0.4235699996352196,logical,835,2
823,Participant1,23,Female,72,He,0.3424708005040884,semantic,836,301
824,Participant1,23,Female,72,cleaned,0.3751381989568472,semantic,837,302
825,Participant1,23,Female,72,his,0.4474855996668339,semantic,838,303
826,Participant1,23,Female,72,room,0.41553799994289875,semantic,839,304
827,Participant1,23,Female,72,for,0.38334260135889053,semantic,840,305
828,Participant1,23,Female,72,the,0.44745889864861965,semantic,841,306
829,Participant1,23,Female,72,visit,0.4066189993172884,semantic,842,307
830,Participant1,23,Female,72,of,0.4233519993722439,semantic,843,308
831,Participant1,23,Female,72,his,0.43139549903571606,semantic,844,309
832,Participant1,23,Female,72,"parents,",0.41499519906938076,semantic,845,310
833,Participant1,23,Female,72,so,0.43152779899537563,semantic,846,311
834,Participant1,23,Female,72,everything,0.39002889953553677,semantic,847,312
835,Participant1,23,Female,72,looked,0.4227134007960558,semantic,848,313
836,Participant1,23,Female,72,orange,0.43078269995748997,semantic,849,3
837,Participant1,23,Female,73,He,0.40817780047655106,semantic,850,301
838,Participant1,23,Female,73,locked,0.398387398570776,semantic,851,302
839,Participant1,23,Female,73,the,0.41356369853019714,semantic,852,303
840,Participant1,23,Female,73,"door,",0.43911430053412914,semantic,853,304
841,Participant1,23,Female,73,so,0.4234353993088007,semantic,854,305
842,Participant1,23,Female,73,the,0.4075170997530222,semantic,855,306
843,Participant1,23,Female,73,house,0.3908955007791519,semantic,856,307
844,Participant1,23,Female,73,would,0.4150205012410879,semantic,857,308
845,Participant1,23,Female,73,be,0.3993793986737728,semantic,858,309
846,Participant1,23,Female,73,blue,0.48635989986360073,semantic,859,3
847,Participant1,23,Female,74,She,0.4429218992590904,semantic,860,301
848,Participant1,23,Female,74,drank,0.446509400382638,semantic,861,302
849,Participant1,23,Female,74,coffee,0.3902643993496895,semantic,862,303
850,Participant1,23,Female,74,right,0.4382495991885662,semantic,863,304
851,Participant1,23,Female,74,before,0.389648400247097,semantic,864,305
852,Participant1,23,Female,74,"bed,",0.4459979999810457,semantic,865,306
853,Participant1,23,Female,74,so,0.4154700003564358,semantic,866,307
854,Participant1,23,Female,74,falling,0.42249229922890663,semantic,867,308
855,Participant1,23,Female,74,asleep,0.39910260029137135,semantic,868,309
856,Participant1,23,Female,74,was,0.40711989998817444,semantic,869,310
857,Participant1,23,Female,74,expensive,0.41421329975128174,semantic,870,3
858,Participant1,23,Female,75,She,0.388756699860096,logical,871,201
859,Participant1,23,Female,75,wanted,0.43761189840734005,logical,872,202
860,Participant1,23,Female,75,something,0.40472930110991,logical,873,203
861,Participant1,23,Female,75,"sweet,",0.4232067000120878,logical,874,204
862,Participant1,23,Female,75,so,0.3992998003959656,logical,875,205
863,Participant1,23,Female,75,she,0.3914848994463682,logical,876,206
864,Participant1,23,Female,75,made,0.4393933992832899,logical,877,207
865,Participant1,23,Female,75,a,0.39867909997701645,logical,878,208
866,Participant1,23,Female,75,pizza,0.4129382986575365,logical,879,2
867,Participant1,23,Female,76,He,0.37102079950273037,congruent,880,101
868,Participant1,23,Female,76,likes,0.3814128004014492,congruent,881,102
869,Participant1,23,Female,76,"meat,",0.43090369924902916,congruent,882,103
870,Participant1,23,Female,76,so,0.437601201236248,congruent,883,104
871,Participant1,23,Female,76,he,0.3916322998702526,congruent,884,105
872,Participant1,23,Female,76,ordered,0.4468657001852989,congruent,885,106
873,Participant1,23,Female,76,a,0.4154578987509012,congruent,886,107
874,Participant1,23,Female,76,pizza,0.4228562992066145,congruent,887,108
875,Participant1,23,Female,76,with,0.42344779893755913,congruent,888,109
876,Participant1,23,Female,76,chicken,0.4297966994345188,congruent,889,1
877,Participant1,23,Female,77,He,0.41385480016469955,logical,890,201
878,Participant1,23,Female,77,wore,0.431394899263978,logical,891,202
879,Participant1,23,Female,77,a,0.3995118997991085,logical,892,203
880,Participant1,23,Female,77,thick,0.3987077996134758,logical,893,204
881,Participant1,23,Female,77,coat,0.4234894998371601,logical,894,205
882,Participant1,23,Female,77,in,0.3753315005451441,logical,895,206
883,Participant1,23,Female,77,the,0.4234053008258343,logical,896,207
884,Participant1,23,Female,77,"winter,",0.43101780116558075,logical,897,208
885,Participant1,23,Female,77,so,0.3981641996651888,logical,898,209
886,Participant1,23,Female,77,he,0.4234758988022804,logical,899,210
887,Participant1,23,Female,77,could,0.40711949951946735,logical,900,211
888,Participant1,23,Female,77,keep,0.43121229857206345,logical,901,212
889,Participant1,23,Female,77,warm,0.399618798866868,logical,902,213
890,Participant1,23,Female,77,from,0.4391597006469965,logical,903,214
891,Participant1,23,Female,77,the,0.4396444000303745,logical,904,215
892,Participant1,23,Female,77,sun,0.43024749867618084,logical,905,2
893,Participant1,23,Female,78,I,0.35324320010840893,logical,906,201
894,Participant1,23,Female,78,saw,0.4060015995055437,logical,907,202
895,Participant1,23,Female,78,a,0.41400990076363087,logical,908,203
896,Participant1,23,Female,78,black,0.39903230033814907,logical,909,204
897,Participant1,23,Female,78,cat,0.41562809981405735,logical,910,205
898,Participant1,23,Female,78,cross,0.35888580046594143,logical,911,206
899,Participant1,23,Female,78,the,0.39202949963510036,logical,912,207
900,Participant1,23,Female,78,"street,",0.39847519993782043,logical,913,208
901,Participant1,23,Female,78,so,0.3994714003056288,logical,914,209
902,Participant1,23,Female,78,I,0.3911690004169941,logical,915,210
903,Participant1,23,Female,78,thought,0.39074300043284893,logical,916,211
904,Participant1,23,Female,78,my,0.3833408001810312,logical,917,212
905,Participant1,23,Female,78,day,0.38328859955072403,logical,918,213
906,Participant1,23,Female,78,would,0.415149400010705,logical,919,214
907,Participant1,23,Female,78,be,0.3750940002501011,logical,920,215
908,Participant1,23,Female,78,lucky,0.42065799981355667,logical,921,2
909,Participant1,23,Female,79,She,0.37197360023856163,logical,922,201
910,Participant1,23,Female,79,opened,0.4468614012002945,logical,923,202
911,Participant1,23,Female,79,the,0.35762760043144226,logical,924,203
912,Participant1,23,Female,79,window,0.40537930093705654,logical,925,204
913,Participant1,23,Female,79,to,0.4057823996990919,logical,926,205
914,Participant1,23,Female,79,let,0.39783590100705624,logical,927,206
915,Participant1,23,Female,79,in,0.39152830094099045,logical,928,207
916,Participant1,23,Female,79,fresh,0.3991489000618458,logical,929,208
917,Participant1,23,Female,79,"air,",0.43952629901468754,logical,930,209
918,Participant1,23,Female,79,so,0.3835202995687723,logical,931,210
919,Participant1,23,Female,79,the,0.39155769906938076,logical,932,211
920,Participant1,23,Female,79,room,0.40721840038895607,logical,933,212
921,Participant1,23,Female,79,smelled,0.3830019012093544,logical,934,213
922,Participant1,23,Female,79,bad,0.41529970057308674,logical,935,2
923,Participant1,23,Female,80,He,0.3681690990924835,semantic,936,301
924,Participant1,23,Female,80,studied,0.4068747013807297,semantic,937,302
925,Participant1,23,Female,80,hard,0.3982459008693695,semantic,938,303
926,Participant1,23,Female,80,for,0.41549769975245,semantic,939,304
927,Participant1,23,Female,80,the,0.38180300034582615,semantic,940,305
928,Participant1,23,Female,80,final,0.4311402998864651,semantic,941,306
929,Participant1,23,Female,80,"exam,",0.4053572006523609,semantic,942,307
930,Participant1,23,Female,80,so,0.39093790017068386,semantic,943,308
931,Participant1,23,Female,80,he,0.4061773009598255,semantic,944,309
932,Participant1,23,Female,80,learned,0.42273230105638504,semantic,945,310
933,Participant1,23,Female,80,a,0.39150009863078594,semantic,946,311
934,Participant1,23,Female,80,lot,0.4234330989420414,semantic,947,312
935,Participant1,23,Female,80,about,0.3829325009137392,semantic,948,313
936,Participant1,23,Female,80,roughly,0.3744345996528864,semantic,949,3
937,Participant1,23,Female,81,His,0.3260414991527796,congruent,950,101
938,Participant1,23,Female,81,throat,0.4390267003327608,congruent,951,102
939,Participant1,23,Female,81,was,0.40665549971163273,congruent,952,103
940,Participant1,23,Female,81,"hurting,",0.42997270077466965,congruent,953,104
941,Participant1,23,Female,81,so,0.39962019957602024,congruent,954,105
942,Participant1,23,Female,81,in,0.4218085017055273,congruent,955,106
943,Participant1,23,Female,81,class,0.38285209983587265,congruent,956,107
944,Participant1,23,Female,81,today,0.4147263988852501,congruent,957,108
945,Participant1,23,Female,81,he,0.4635624010115862,congruent,958,109
946,Participant1,23,Female,81,was,0.3992532007396221,congruent,959,110
947,Participant1,23,Female,81,quiet,0.44619959965348244,congruent,960,1
948,Participant1,23,Female,82,He,0.33172869868576527,congruent,961,101
949,Participant1,23,Female,82,was,0.4052945002913475,congruent,962,102
950,Participant1,23,Female,82,afraid,0.36556800082325935,congruent,963,103
951,Participant1,23,Female,82,of,0.4394589997828007,congruent,964,104
952,Participant1,23,Female,82,"crashing,",0.39830529876053333,congruent,965,105
953,Participant1,23,Female,82,so,0.4313830994069576,congruent,966,106
954,Participant1,23,Female,82,he,0.39948830008506775,congruent,967,107
955,Participant1,23,Female,82,drove,0.39840290136635303,congruent,968,108
956,Participant1,23,Female,82,slowly,0.3990259002894163,congruent,969,1
957,Participant1,23,Female,83,He,0.31164800003170967,logical,970,201
958,Participant1,23,Female,83,submitted,0.41454749926924706,logical,971,202
959,Participant1,23,Female,83,the,0.35935819894075394,logical,972,203
960,Participant1,23,Female,83,report,0.406997999176383,logical,973,204
961,Participant1,23,Female,83,before,0.414902999997139,logical,974,205
962,Participant1,23,Female,83,the,0.4313698001205921,logical,975,206
963,Participant1,23,Female,83,"deadline,",0.3902251999825239,logical,976,207
964,Participant1,23,Female,83,so,0.39835939928889275,logical,977,208
965,Participant1,23,Female,83,his,0.407319700345397,logical,978,209
966,Participant1,23,Female,83,manager,0.3907155990600586,logical,979,210
967,Participant1,23,Female,83,was,0.43134470097720623,logical,980,211
968,Participant1,23,Female,83,disappointed.,0.4039564002305269,logical,981,2
969,Participant1,23,Female,84,She,0.36385609954595566,congruent,982,101
970,Participant1,23,Female,84,turned,0.3910294994711876,congruent,983,102
971,Participant1,23,Female,84,on,0.3914746008813381,congruent,984,103
972,Participant1,23,Female,84,the,0.41534969955682755,congruent,985,104
973,Participant1,23,Female,84,"heater,",0.4374196007847786,congruent,986,105
974,Participant1,23,Female,84,so,0.42355400137603283,congruent,987,106
975,Participant1,23,Female,84,the,0.3909593001008034,congruent,988,107
976,Participant1,23,Female,84,room,0.375552199780941,congruent,989,108
977,Participant1,23,Female,84,became,0.4150997009128332,congruent,990,109
978,Participant1,23,Female,84,warm,0.391347199678421,congruent,991,1
979,Participant1,23,Female,85,She,0.34097300097346306,congruent,992,101
980,Participant1,23,Female,85,wore,0.38340199925005436,congruent,993,102
981,Participant1,23,Female,85,sunscreen,0.4068748001009226,congruent,994,103
982,Participant1,23,Female,85,at,0.39921720139682293,congruent,995,104
983,Participant1,23,Female,85,the,0.39942679926753044,congruent,996,105
984,Participant1,23,Female,85,"beach,",0.3903372995555401,congruent,997,106
985,Participant1,23,Female,85,so,0.3972832001745701,congruent,998,107
986,Participant1,23,Female,85,her,0.37558319978415966,congruent,999,108
987,Participant1,23,Female,85,skin,0.4229744989424944,congruent,1000,109
988,Participant1,23,Female,85,got,0.4069008994847536,congruent,1001,110
989,Participant1,23,Female,85,protected,0.4067943003028631,congruent,1002,1
990,Participant1,23,Female,86,He,0.3439215011894703,logical,1003,201
991,Participant1,23,Female,86,drank,0.3812405001372099,logical,1004,202
992,Participant1,23,Female,86,his,0.41548500023782253,logical,1005,203
993,Participant1,23,Female,86,"tea,",0.4134062994271517,logical,1006,204
994,Participant1,23,Female,86,so,0.39947819896042347,logical,1007,205
995,Participant1,23,Female,86,the,0.39143730141222477,logical,1008,206
996,Participant1,23,Female,86,cup,0.3995348997414112,logical,1009,207
997,Participant1,23,Female,86,became,0.42294189892709255,logical,1010,208
998,Participant1,23,Female,86,full,0.3834595996886492,logical,1011,2
999,Participant1,23,Female,87,She,0.33877640031278133,logical,1012,201
1000,Participant1,23,Female,87,put,0.3979761004447937,logical,1013,202
1001,Participant1,23,Female,87,on,0.37550649978220463,logical,1014,203
1002,Participant1,23,Female,87,"perfume,",0.39914860017597675,logical,1015,204
1003,Participant1,23,Female,87,so,0.4138398990035057,logical,1016,205
1004,Participant1,23,Female,87,she,0.39939989894628525,logical,1017,206
1005,Participant1,23,Female,87,smelled,0.40526979975402355,logical,1018,207
1006,Participant1,23,Female,87,like,0.42298229970037937,logical,1019,208
1007,Participant1,23,Female,87,trash,0.42274140007793903,logical,1020,2
1008,Participant1,23,Female,88,He,0.42190480045974255,congruent,1021,101
1009,Participant1,23,Female,88,wears,0.390777999535203,congruent,1022,102
1010,Participant1,23,Female,88,a,0.407524099573493,congruent,1023,103
1011,Participant1,23,Female,88,watch,0.3750280998647213,congruent,1024,104
1012,Participant1,23,Female,88,on,0.45560860075056553,congruent,1025,105
1013,Participant1,23,Female,88,his,0.3912049997597933,congruent,1026,106
1014,Participant1,23,Female,88,"wrist,",0.415004201233387,congruent,1027,107
1015,Participant1,23,Female,88,so,0.4076610002666712,congruent,1028,108
1016,Participant1,23,Female,88,he,0.3594694007188082,congruent,1029,109
1017,Participant1,23,Female,88,always,0.42307270132005215,congruent,1030,110
1018,Participant1,23,Female,88,knows,0.406530499458313,congruent,1031,111
1019,Participant1,23,Female,88,the,0.3835963997989893,congruent,1032,112
1020,Participant1,23,Female,88,time,0.43778689950704575,congruent,1033,1
1021,Participant1,23,Female,89,She,0.44389019906520844,logical,1034,201
1022,Participant1,23,Female,89,watered,0.43115600012242794,logical,1035,202
1023,Participant1,23,Female,89,the,0.4232072997838259,logical,1036,203
1024,Participant1,23,Female,89,"garden,",0.39060499891638756,logical,1037,204
1025,Participant1,23,Female,89,so,0.45503930002450943,logical,1038,205
1026,Participant1,23,Female,89,the,0.3978797998279333,logical,1039,206
1027,Participant1,23,Female,89,grass,0.4225181005895138,logical,1040,207
1028,Participant1,23,Female,89,grew,0.3909865990281105,logical,1041,208
1029,Participant1,23,Female,89,yellow,0.3988463990390301,logical,1042,2
1030,Participant1,23,Female,90,He,0.4396893009543419,logical,1043,201
1031,Participant1,23,Female,90,started,0.4390603005886078,logical,1044,202
1032,Participant1,23,Female,90,"braking,",0.3822751995176077,logical,1045,203
1033,Participant1,23,Female,90,so,0.431614700704813,logical,1046,204
1034,Participant1,23,Female,90,the,0.4055507015436888,logical,1047,205
1035,Participant1,23,Female,90,car,0.37397569976747036,logical,1048,206
1036,Participant1,23,Female,90,went,0.4376095999032259,logical,1049,207
1037,Participant1,23,Female,90,faster,0.4134033005684614,logical,1050,2
